Protein	KO
MAG107_contig_30_21	K06909
MAG107_contig_30_45	K01658
MAG107_contig_30_46	K00766
MAG107_contig_30_47	K01609
MAG107_contig_30_49	K01495
MAG107_contig_30_50	K06995
MAG107_contig_30_52	K07044
MAG107_contig_30_53	K03736
MAG107_contig_30_54	K03735
MAG107_contig_30_55	K16238
MAG107_contig_30_60	K01599
MAG107_contig_30_62	K06911
MAG107_contig_30_63	K18622
MAG107_contig_30_65	K09016
MAG107_contig_30_66	K09024
MAG107_contig_30_67	K09021
MAG107_contig_30_68	K09020
MAG107_contig_30_69	K09018
MAG107_contig_30_70	K09023
MAG107_contig_30_71	K03503
MAG107_contig_30_73	K02050
MAG107_contig_30_74	K02049
MAG107_contig_30_77	K03297
MAG107_contig_30_79	K01457
MAG107_contig_30_80	K07722
MAG107_contig_30_82	K01941
MAG107_contig_30_83	K09967
MAG107_contig_30_84	K09967
MAG107_contig_30_85	K03576
MAG107_contig_30_86	K09765
MAG107_contig_30_88	K02014
MAG107_contig_30_90	K07090
MAG107_contig_30_96	K16165
MAG107_contig_30_100	K10218
MAG107_contig_30_103	K00483
MAG107_contig_30_105	K16087
MAG107_contig_30_115	K07165
MAG107_contig_30_117	K07215
MAG107_contig_30_118	K09144
MAG107_contig_30_123	K19159
MAG107_contig_30_124	K19158
MAG107_contig_30_125	K25227
MAG107_contig_30_131	K01607
MAG107_contig_30_132	K00135
MAG107_contig_30_134	K05712
MAG107_contig_30_140	K00146
MAG107_contig_30_148	K04033
MAG107_contig_30_155	K03299
MAG107_contig_30_157	K00140
MAG107_contig_30_159	K14060
MAG107_contig_30_166	K07267
MAG107_contig_30_167	K01640
MAG107_contig_30_168	K07793
MAG107_contig_30_170	K00054
MAG107_contig_30_174	K07002
MAG107_contig_30_175	K07275
MAG107_contig_30_180	K23677
MAG107_contig_30_181	K18013
MAG107_contig_30_183	K00344
MAG107_contig_30_186	K16922
MAG107_contig_30_187	K03070
MAG107_contig_30_196	K15125
MAG107_contig_30_199	K01673
MAG107_contig_30_200	K01046
MAG107_contig_30_204	K05306
MAG107_contig_30_205	K03430
MAG107_contig_30_207	K02011
MAG107_contig_30_209	K02012
MAG107_contig_30_216	K01666
MAG107_contig_30_217	K04073
MAG107_contig_30_218	K02554
MAG107_contig_30_219	K05712
MAG107_contig_30_221	K16050
MAG107_contig_30_222	K06076
MAG107_contig_30_224	K22213
MAG107_contig_30_227	K00219
MAG107_contig_30_229	K03777
MAG107_contig_30_230	K00101
MAG107_contig_30_231	K14348
MAG107_contig_30_232	K00427
MAG107_contig_30_236	K01940
MAG107_contig_30_240	K00031
MAG107_contig_30_242	K03761
MAG107_contig_30_243	K06181
MAG107_contig_30_245	K06445
MAG107_contig_30_246	K01607
MAG107_contig_30_251	K07126
MAG107_contig_30_254	K01251
MAG107_contig_30_255	K00297
MAG107_contig_30_256	K09761
MAG107_contig_30_258	K00029
MAG107_contig_30_259	K00974
MAG107_contig_30_260	K04568
MAG107_contig_30_261	K03473
MAG107_contig_30_262	K00322
MAG107_contig_30_263	K03644
MAG107_contig_30_266	K07127
MAG107_contig_30_268	K07258
MAG107_contig_30_269	K03885
MAG107_contig_30_270	K03775
MAG107_contig_30_271	K01669
MAG107_contig_30_276	K05275
MAG107_contig_30_277	K06169
MAG107_contig_30_278	K03474
MAG107_contig_30_279	K03584
MAG107_contig_30_281	K03595
MAG107_contig_30_282	K03685
MAG107_contig_30_284	K03100
MAG107_contig_30_285	K03596
MAG107_contig_30_286	K03088
MAG107_contig_30_289	K11209
MAG107_contig_30_290	K06997
MAG107_contig_30_294	K01046
MAG107_contig_30_301	K19267
MAG107_contig_30_305	K07107
MAG107_contig_30_306	K04771
MAG107_contig_30_307	K00278
MAG107_contig_30_314	K00943
MAG107_contig_30_315	K07082
MAG107_contig_30_317	K23163
MAG107_contig_30_318	K07002
MAG107_contig_30_319	K02046
MAG107_contig_30_320	K02047
MAG107_contig_30_321	K02045
MAG107_contig_30_322	K13635
MAG107_contig_30_323	K06076
MAG107_contig_30_326	K00674
MAG107_contig_30_327	K10026
MAG107_contig_30_328	K06920
MAG107_contig_30_330	K06927
MAG107_contig_30_331	K03564
MAG107_contig_30_332	K06895
MAG107_contig_30_333	K05596
MAG107_contig_30_338	K13522
MAG107_contig_30_342	K02469
MAG107_contig_30_344	K03522
MAG107_contig_30_345	K03521
MAG107_contig_30_347	K26601
MAG107_contig_30_353	K00783
MAG107_contig_30_354	K15777
MAG107_contig_30_355	K03668
MAG107_contig_30_357	K00262
MAG107_contig_30_358	K03616
MAG107_contig_30_359	K10773
MAG107_contig_30_362	K00939
MAG107_contig_30_366	K05515
MAG107_contig_30_367	K08316
MAG107_contig_30_371	K01902
MAG107_contig_30_372	K01903
MAG107_contig_30_373	K00382
MAG107_contig_30_374	K00658
MAG107_contig_30_375	K00164
MAG107_contig_30_376	K00240
MAG107_contig_30_377	K00239
MAG107_contig_30_378	K00242
MAG107_contig_30_379	K00241
MAG107_contig_30_380	K01647
MAG107_contig_30_381	K03305
MAG107_contig_30_382	K01262
MAG107_contig_30_388	K07044
MAG107_contig_30_389	K07044
MAG107_contig_30_391	K01950
MAG107_contig_30_394	K00796
MAG107_contig_30_395	K03798
MAG107_contig_30_396	K02427
MAG107_contig_30_397	K07574
MAG107_contig_30_399	K07497
MAG107_contig_30_402	K01956
MAG107_contig_30_403	K01955
MAG107_contig_30_404	K03624
MAG107_contig_30_406	K00638
MAG107_contig_30_407	K11734
MAG107_contig_30_408	K01555
MAG107_contig_30_409	K01800
MAG107_contig_30_410	K08234
MAG107_contig_30_412	K00457
MAG107_contig_30_415	K15866
MAG107_contig_30_417	K07443
MAG107_contig_30_420	K07054
MAG107_contig_30_421	K09781
MAG107_contig_30_422	K01867
MAG107_contig_30_423	K04567
MAG107_contig_30_426	K07000
MAG107_contig_30_427	K00759
MAG107_contig_30_430	K05297
MAG107_contig_30_432	K04761
MAG107_contig_30_433	K08151
MAG107_contig_30_434	K00937
MAG107_contig_30_435	K03814
MAG107_contig_30_436	K19225
MAG107_contig_30_437	K02004
MAG107_contig_30_439	K10804
MAG107_contig_30_442	K02203
MAG107_contig_30_443	K00390
MAG107_contig_30_444	K00635
MAG107_contig_30_446	K08301
MAG107_contig_30_447	K06287
MAG107_contig_30_448	K03571
MAG107_contig_30_449	K03570
MAG107_contig_30_450	K03569
MAG107_contig_30_451	K02435
MAG107_contig_30_452	K02433
MAG107_contig_30_453	K02434
MAG107_contig_30_462	K07386
MAG107_contig_30_464	K07240
MAG107_contig_30_465	K07240
MAG107_contig_30_467	K05520
MAG107_contig_30_472	K09007
MAG107_contig_30_477	K00433
MAG107_contig_30_479	K04091
MAG107_contig_30_480	K02014
MAG107_contig_30_481	K02014
MAG107_contig_30_482	K02035
MAG107_contig_30_483	K03559
MAG107_contig_30_484	K03561
MAG107_contig_30_485	K03832
MAG107_contig_30_486	K04091
MAG107_contig_30_488	K02050
MAG107_contig_30_489	K02050
MAG107_contig_30_490	K15555
MAG107_contig_30_491	K03116
MAG107_contig_30_493	K03118
MAG107_contig_30_495	K04091
MAG107_contig_30_497	K02014
MAG107_contig_30_502	K02031
MAG107_contig_30_503	K02034
MAG107_contig_30_504	K02033
MAG107_contig_30_505	K02035
MAG107_contig_30_506	K04091
MAG107_contig_30_509	K02014
MAG107_contig_30_510	K25282
MAG107_contig_30_511	K25285
MAG107_contig_30_512	K25283
MAG107_contig_30_513	K25284
MAG107_contig_30_514	K14699
MAG107_contig_30_515	K14698
MAG107_contig_30_517	K00135
MAG107_contig_30_521	K00375
MAG107_contig_30_522	K11735
MAG107_contig_30_523	K00004
MAG107_contig_30_524	K03366
MAG107_contig_30_525	K00382
MAG107_contig_30_527	K21417
MAG107_contig_30_528	K21416
MAG107_contig_30_529	K03644
MAG107_contig_30_532	K16088
MAG107_contig_30_534	K02167
MAG107_contig_30_535	K00130
MAG107_contig_30_536	K00108
MAG107_contig_30_538	K16137
MAG107_contig_30_541	K07044
MAG107_contig_30_542	K07044
MAG107_contig_30_545	K02014
MAG107_contig_30_546	K00375
MAG107_contig_30_547	K00657
MAG107_contig_30_548	K00375
MAG107_contig_30_550	K01714
MAG107_contig_30_554	K06989
MAG107_contig_30_559	K00529
MAG107_contig_30_564	K05710
MAG107_contig_30_567	K05523
MAG107_contig_30_569	K07396
MAG107_contig_30_580	K11904
MAG107_contig_30_581	K13639
MAG107_contig_30_582	K18305
MAG107_contig_30_583	K18306
MAG107_contig_30_584	K18138
MAG107_contig_30_585	K16087
MAG107_contig_30_586	K09790
MAG107_contig_30_587	K07215
MAG107_contig_30_588	K07165
MAG107_contig_30_589	K23514
MAG107_contig_30_592	K16087
MAG107_contig_30_594	K13636
MAG107_contig_30_595	K13629
MAG107_contig_30_596	K01753
MAG107_contig_30_598	K18900
MAG107_contig_30_603	K07044
MAG107_contig_30_605	K01114
MAG107_contig_30_606	K09857
MAG107_contig_30_607	K06192
MAG107_contig_30_608	K03808
MAG107_contig_30_609	K03808
MAG107_contig_30_614	K12542
MAG107_contig_30_615	K12541
MAG107_contig_30_619	K13636
MAG107_contig_30_620	K01607
MAG107_contig_30_621	K00135
MAG107_contig_30_623	K03457
MAG107_contig_30_624	K23463
MAG107_contig_30_625	K23464
MAG107_contig_30_626	K23462
MAG107_contig_30_627	K23465
MAG107_contig_30_629	K23466
MAG107_contig_30_632	K26744
MAG107_contig_30_633	K03862
MAG107_contig_30_634	K03863
MAG107_contig_30_635	K11475
MAG107_contig_30_640	K00481
MAG107_contig_30_641	K02624
MAG107_contig_30_645	K07017
MAG107_contig_30_648	K07085
MAG107_contig_30_649	K09758
MAG107_contig_30_651	K02617
MAG107_contig_30_652	K02616
MAG107_contig_30_653	K01912
MAG107_contig_30_654	K07823
MAG107_contig_30_655	K00074
MAG107_contig_30_656	K15866
MAG107_contig_30_658	K02613
MAG107_contig_30_659	K02612
MAG107_contig_30_660	K02611
MAG107_contig_30_661	K02610
MAG107_contig_30_662	K02609
MAG107_contig_30_663	K02618
MAG107_contig_30_665	K21758
MAG107_contig_30_669	K05712
MAG107_contig_30_670	K02511
MAG107_contig_30_671	K01031
MAG107_contig_30_672	K01032
MAG107_contig_30_673	K21758
MAG107_contig_30_678	K04095
MAG107_contig_30_681	K08195
MAG107_contig_30_682	K20941
MAG107_contig_30_689	K03832
MAG107_contig_30_693	K00864
MAG107_contig_30_694	K01462
MAG107_contig_30_697	K18967
MAG107_contig_30_699	K03811
MAG107_contig_30_702	K07192
MAG107_contig_30_703	K07090
MAG107_contig_30_705	K03457
MAG107_contig_30_710	K06079
MAG107_contig_30_711	K05835
MAG107_contig_30_713	K03466
MAG107_contig_30_714	K00384
MAG107_contig_30_716	K00684
MAG107_contig_30_717	K21420
MAG107_contig_30_718	K03789
MAG107_contig_30_719	K07044
MAG107_contig_30_720	K02358
MAG107_contig_30_721	K02355
MAG107_contig_30_722	K02992
MAG107_contig_30_723	K02950
MAG107_contig_30_732	K08973
MAG107_contig_30_733	K16568
MAG107_contig_30_734	K11737
MAG107_contig_30_736	K01775
MAG107_contig_30_737	K00285
MAG107_contig_30_738	K03719
MAG107_contig_30_739	K01091
MAG107_contig_30_742	K07506
MAG107_contig_30_744	K00567
MAG107_contig_30_745	K11741
MAG107_contig_30_746	K11741
MAG107_contig_30_749	K07233
MAG107_contig_30_752	K01783
MAG107_contig_30_755	K01070
MAG107_contig_30_757	K15984
MAG107_contig_30_758	K06153
MAG107_contig_30_759	K14742
MAG107_contig_30_760	K01726
MAG107_contig_30_762	K18453
MAG107_contig_30_765	K06076
MAG107_contig_30_767	K06992
MAG107_contig_30_770	K00817
MAG107_contig_30_771	K00013
MAG107_contig_30_773	K00765
MAG107_contig_30_774	K07486
MAG107_contig_30_806	K00790
MAG107_contig_30_809	K03092
MAG107_contig_30_810	K10001
MAG107_contig_30_811	K10003
MAG107_contig_30_812	K10002
MAG107_contig_30_813	K10004
MAG107_contig_30_817	K05835
MAG107_contig_30_818	K10254
MAG107_contig_30_826	K03543
MAG107_contig_30_827	K01505
MAG107_contig_30_835	K07552
MAG107_contig_30_838	K00380
MAG107_contig_30_841	K09790
MAG107_contig_30_842	K09977
MAG107_contig_30_843	K16347
MAG107_contig_30_844	K01439
MAG107_contig_30_846	K06596
MAG107_contig_30_847	K02660
MAG107_contig_30_848	K02659
MAG107_contig_30_849	K02658
MAG107_contig_30_850	K02657
MAG107_contig_30_852	K01881
MAG107_contig_30_860	K01494
MAG107_contig_30_862	K09928
MAG107_contig_30_863	K01243
MAG107_contig_30_865	K03593
MAG107_contig_30_872	K01874
MAG107_contig_30_877	K21021
MAG107_contig_30_879	K03517
MAG107_contig_30_880	K00620
MAG107_contig_30_882	K03070
MAG107_contig_30_883	K24158
MAG107_contig_30_885	K02078
MAG107_contig_30_886	K00059
MAG107_contig_30_887	K00645
MAG107_contig_30_888	K02911
MAG107_contig_30_889	K07040
MAG107_contig_30_890	K09906
MAG107_contig_30_891	K07566
MAG107_contig_30_894	K13075
MAG107_contig_30_897	K11754
MAG107_contig_30_898	K01963
MAG107_contig_30_899	K01695
MAG107_contig_30_902	K07044
MAG107_contig_30_903	K07044
MAG107_contig_30_906	K01782
MAG107_contig_30_910	K01796
MAG107_contig_30_911	K07267
MAG107_contig_30_912	K00117
MAG107_contig_30_914	K03574
MAG107_contig_30_917	K09946
MAG107_contig_30_919	K01935
MAG107_contig_30_920	K02169
MAG107_contig_30_921	K00652
MAG107_contig_30_922	K00833
MAG107_contig_30_925	K03564
MAG107_contig_30_926	K03594
MAG107_contig_30_928	K02014
MAG107_contig_30_929	K01972
MAG107_contig_30_930	K03528
MAG107_contig_30_931	K03529
MAG107_contig_30_933	K07090
MAG107_contig_30_934	K03524
MAG107_contig_30_935	K03525
MAG107_contig_30_937	K07002
MAG107_contig_30_938	K03106
MAG107_contig_30_941	K05541
MAG107_contig_30_949	K11904
MAG107_contig_30_954	K07025
MAG107_contig_30_955	K17989
MAG107_contig_30_956	K02348
MAG107_contig_30_959	K11068
MAG107_contig_30_962	K13777
MAG107_contig_30_963	K13779
MAG107_contig_30_964	K11731
MAG107_contig_30_965	K13778
MAG107_contig_30_966	K13774
MAG107_contig_30_968	K22108
MAG107_contig_30_972	K18829
MAG107_contig_30_976	K00507
MAG107_contig_30_978	K04754
MAG107_contig_30_979	K07315
MAG107_contig_30_981	K11206
MAG107_contig_30_982	K23775
MAG107_contig_30_983	K04063
MAG107_contig_30_985	K02454
MAG107_contig_30_988	K04750
MAG107_contig_30_990	K15777
MAG107_contig_30_992	K00381
MAG107_contig_30_995	K07052
MAG107_contig_30_996	K01696
MAG107_contig_30_997	K01817
MAG107_contig_30_998	K02014
MAG107_contig_30_999	K00798
MAG107_contig_30_1000	K01126
MAG107_contig_30_1001	K00507
MAG107_contig_30_1003	K08997
MAG107_contig_30_1007	K07664
MAG107_contig_30_1008	K07642
MAG107_contig_30_1010	K09889
MAG107_contig_30_1011	K02784
MAG107_contig_30_1012	K06958
MAG107_contig_30_1013	K01918
MAG107_contig_30_1014	K00606
MAG107_contig_30_1015	K00950
MAG107_contig_30_1016	K00970
MAG107_contig_30_1017	K02237
MAG107_contig_30_1022	K03215
MAG107_contig_30_1023	K07501
MAG107_contig_30_1024	K12339
MAG107_contig_30_1025	K07678
MAG107_contig_30_1028	K01816
MAG107_contig_30_1029	K09710
MAG107_contig_30_1030	K03320
MAG107_contig_30_1031	K06133
MAG107_contig_30_1032	K03977
MAG107_contig_30_1033	K17713
MAG107_contig_30_1035	K01892
MAG107_contig_30_1036	K03526
MAG107_contig_30_1037	K15539
MAG107_contig_30_1038	K02656
MAG107_contig_30_1039	K06941
MAG107_contig_30_1040	K00940
MAG107_contig_30_1042	K19302
MAG107_contig_30_1043	K19002
MAG107_contig_30_1046	K00053
MAG107_contig_30_1047	K01653
MAG107_contig_30_1048	K01652
MAG107_contig_30_1050	K01869
MAG107_contig_30_1052	K03643
MAG107_contig_30_1053	K02340
MAG107_contig_30_1054	K13888
MAG107_contig_30_1055	K05685
MAG107_contig_30_1063	K11904
MAG107_contig_30_1064	K00208
MAG107_contig_30_1066	K13288
MAG107_contig_30_1067	K06949
MAG107_contig_30_1069	K03676
MAG107_contig_30_1070	K03071
MAG107_contig_30_1071	K07038
MAG107_contig_30_1074	K09990
MAG107_contig_30_1075	K10778
MAG107_contig_30_1076	K15536
MAG107_contig_30_1077	K13038
MAG107_contig_30_1078	K03630
MAG107_contig_30_1079	K08994
MAG107_contig_30_1081	K03832
MAG107_contig_30_1084	K03816
MAG107_contig_30_1087	K03809
MAG107_contig_30_1088	K07058
MAG107_contig_30_1096	K02030
MAG107_contig_30_1097	K02030
MAG107_contig_30_1098	K02028
MAG107_contig_30_1100	K02029
MAG107_contig_30_1103	K12573
MAG107_contig_30_1105	K01414
MAG107_contig_30_1106	K07070
MAG107_contig_30_1110	K11690
MAG107_contig_30_1115	K09159
MAG107_contig_30_1116	K00255
MAG107_contig_30_1117	K10215
MAG107_contig_30_1118	K02879
MAG107_contig_30_1119	K03040
MAG107_contig_30_1120	K02986
MAG107_contig_30_1121	K02948
MAG107_contig_30_1122	K02952
MAG107_contig_30_1123	K02919
MAG107_contig_30_1124	K03076
MAG107_contig_30_1125	K02876
MAG107_contig_30_1126	K02907
MAG107_contig_30_1127	K02988
MAG107_contig_30_1128	K02881
MAG107_contig_30_1129	K02933
MAG107_contig_30_1130	K02994
MAG107_contig_30_1131	K02954
MAG107_contig_30_1132	K02931
MAG107_contig_30_1133	K02895
MAG107_contig_30_1134	K02874
MAG107_contig_30_1135	K02961
MAG107_contig_30_1136	K02904
MAG107_contig_30_1137	K02878
MAG107_contig_30_1138	K02982
MAG107_contig_30_1139	K02890
MAG107_contig_30_1140	K02965
MAG107_contig_30_1141	K02886
MAG107_contig_30_1142	K02892
MAG107_contig_30_1143	K02926
MAG107_contig_30_1144	K02906
MAG107_contig_30_1145	K02946
MAG107_contig_30_1148	K06915
MAG107_contig_30_1149	K05916
MAG107_contig_30_1150	K13771
MAG107_contig_30_1151	K03978
MAG107_contig_30_1152	K07044
MAG107_contig_30_1155	K00631
MAG107_contig_30_1158	K03655
MAG107_contig_30_1159	K02242
MAG107_contig_30_1161	K22522
MAG107_contig_30_1162	K03284
MAG107_contig_30_1164	K07323
MAG107_contig_30_1165	K02067
MAG107_contig_30_1166	K02066
MAG107_contig_30_1167	K02065
MAG107_contig_30_1170	K01092
MAG107_contig_30_1171	K01662
MAG107_contig_30_1173	K02495
MAG107_contig_30_1174	K00228
MAG107_contig_30_1176	K00014
MAG107_contig_30_1178	K20035
MAG107_contig_30_1183	K09936
MAG107_contig_30_1184	K26939
MAG107_contig_30_1187	K02909
MAG107_contig_30_1188	K06199
MAG107_contig_30_1193	K03439
MAG107_contig_30_1194	K09862
MAG107_contig_30_1198	K01069
MAG107_contig_30_1199	K01772
MAG107_contig_30_1201	K01776
MAG107_contig_30_1202	K09986
MAG107_contig_30_1203	K00311
MAG107_contig_30_1207	K11904
MAG107_contig_30_1208	K04085
MAG107_contig_30_1209	K06189
MAG107_contig_30_1210	K03820
MAG107_contig_30_1211	K06878
MAG107_contig_30_1214	K02456
MAG107_contig_30_1215	K02455
MAG107_contig_30_1216	K04066
MAG107_contig_30_1217	K11747
MAG107_contig_30_1218	K04083
MAG107_contig_30_1219	K05516
MAG107_contig_30_1220	K18997
MAG107_contig_30_1221	K09794
MAG107_contig_30_1222	K03284
MAG107_contig_30_1223	K00962
MAG107_contig_30_1224	K02956
MAG107_contig_30_1227	K03581
MAG107_contig_30_1228	K03582
MAG107_contig_30_1229	K03583
MAG107_contig_30_1234	K13995
MAG107_contig_30_1235	K01799
MAG107_contig_30_1236	K15357
MAG107_contig_30_1237	K14974
MAG107_contig_30_1238	K18028
MAG107_contig_30_1239	K22296
MAG107_contig_30_1240	K23753
MAG107_contig_30_1242	K03183
MAG107_contig_30_1243	K03690
MAG107_contig_30_1244	K03688
MAG107_contig_30_1247	K11755
MAG107_contig_30_1248	K07093
MAG107_contig_30_1249	K10300
MAG107_contig_30_1251	K05559
MAG107_contig_30_1252	K05560
MAG107_contig_30_1253	K05561
MAG107_contig_30_1254	K05562
MAG107_contig_30_1255	K05563
MAG107_contig_30_1256	K05564
MAG107_contig_30_1257	K00793
MAG107_contig_30_1258	K07044
MAG107_contig_30_1262	K00266
MAG107_contig_30_1263	K00265
MAG107_contig_30_1265	K01735
MAG107_contig_30_1266	K00891
MAG107_contig_30_1267	K02666
MAG107_contig_30_1268	K02665
MAG107_contig_30_1269	K02664
MAG107_contig_30_1270	K02663
MAG107_contig_30_1271	K02662
MAG107_contig_30_1272	K05366
MAG107_contig_30_1273	K00563
MAG107_contig_30_1274	K01000
MAG107_contig_30_1275	K01929
MAG107_contig_30_1276	K01928
MAG107_contig_30_1277	K03587
MAG107_contig_30_1278	K03586
MAG107_contig_30_1279	K03438
MAG107_contig_30_1281	K23163
MAG107_contig_30_1282	K23163
MAG107_contig_30_1284	K01885
MAG107_contig_30_1286	K16264
MAG107_contig_30_1288	K15726
MAG107_contig_30_1289	K15727
MAG107_contig_30_1300	K06959
MAG107_contig_30_1302	K07659
MAG107_contig_30_1303	K07638
MAG107_contig_30_1304	K18118
MAG107_contig_30_1307	K06076
MAG107_contig_30_1308	K22438
MAG107_contig_30_1310	K01693
MAG107_contig_30_1311	K02501
MAG107_contig_30_1315	K01814
MAG107_contig_30_1320	K02204
MAG107_contig_30_1321	K02500
MAG107_contig_30_1323	K06020
MAG107_contig_30_1326	K01740
MAG107_contig_30_1327	K02039
MAG107_contig_30_1330	K03147
MAG107_contig_30_1332	K03651
MAG107_contig_30_1333	K06204
MAG107_contig_30_1334	K01894
MAG107_contig_30_1336	K03588
MAG107_contig_30_1337	K01925
MAG107_contig_30_1338	K03975
MAG107_contig_30_1339	K00793
MAG107_contig_30_1340	K07318
MAG107_contig_30_1341	K11752
MAG107_contig_30_1342	K07738
MAG107_contig_30_1344	K03320
MAG107_contig_30_1345	K04751
MAG107_contig_30_1346	K09806
MAG107_contig_30_1347	K07391
MAG107_contig_30_1348	K03824
MAG107_contig_30_1353	K01507
MAG107_contig_30_1356	K01897
MAG107_contig_30_1357	K02621
MAG107_contig_30_1359	K08369
MAG107_contig_30_1362	K09858
MAG107_contig_30_1366	K22522
MAG107_contig_30_1367	K02442
MAG107_contig_30_1369	K03701
MAG107_contig_30_1374	K02168
MAG107_contig_30_1376	K14393
MAG107_contig_30_1378	K20975
MAG107_contig_30_1381	K01821
MAG107_contig_30_1382	K21430
MAG107_contig_30_1387	K02014
MAG107_contig_30_1389	K01462
MAG107_contig_30_1391	K04096
MAG107_contig_30_1392	K07566
MAG107_contig_30_1395	K22041
MAG107_contig_30_1400	K00432
MAG107_contig_30_1405	K10761
MAG107_contig_30_1406	K02114
MAG107_contig_30_1407	K02112
MAG107_contig_30_1408	K02115
MAG107_contig_30_1409	K02111
MAG107_contig_30_1410	K02113
MAG107_contig_30_1411	K02109
MAG107_contig_30_1412	K02110
MAG107_contig_30_1413	K02108
MAG107_contig_30_1416	K09823
MAG107_contig_30_1417	K09817
MAG107_contig_30_1420	K05834
MAG107_contig_30_1421	K07223
MAG107_contig_30_1424	K11904
MAG107_contig_30_1425	K00029
MAG107_contig_30_1428	K01887
MAG107_contig_30_1430	K07663
MAG107_contig_30_1431	K07641
MAG107_contig_30_1432	K06143
MAG107_contig_30_1438	K08224
MAG107_contig_30_1440	K00299
MAG107_contig_30_1441	K17228
MAG107_contig_30_1442	K01467
MAG107_contig_30_1444	K01895
MAG107_contig_30_1447	K03442
MAG107_contig_30_1448	K09761
MAG107_contig_30_1449	K02527
MAG107_contig_30_1450	K10680
MAG107_contig_30_1452	K02836
MAG107_contig_30_1456	K07497
MAG107_contig_30_1457	K07448
MAG107_contig_30_1458	K01951
MAG107_contig_30_1459	K15977
MAG107_contig_30_1460	K03975
MAG107_contig_30_1462	K03496
MAG107_contig_30_1464	K05527
MAG107_contig_30_1465	K12542
MAG107_contig_30_1466	K12541
MAG107_contig_30_1467	K12543
MAG107_contig_30_1468	K01840
MAG107_contig_30_1469	K01784
MAG107_contig_30_1470	K01810
MAG107_contig_30_1483	K00973
MAG107_contig_30_1484	K01710
MAG107_contig_30_1485	K01991
MAG107_contig_30_1487	K16692
MAG107_contig_30_1488	K03773
MAG107_contig_30_1489	K01802
MAG107_contig_30_1490	K03980
MAG107_contig_30_1491	K03806
MAG107_contig_30_1492	K00767
MAG107_contig_30_1496	K01114
MAG107_contig_30_1497	K00989
MAG107_contig_30_1501	K07497
MAG107_contig_30_1502	K22769
MAG107_contig_30_1503	K22770
MAG107_contig_30_1504	K22105
MAG107_contig_30_1505	K03673
MAG107_contig_30_1507	K00568
MAG107_contig_30_1508	K22292
MAG107_contig_30_1511	K23243
MAG107_contig_30_1512	K23243
MAG107_contig_30_1513	K23243
MAG107_contig_30_1514	K14682
MAG107_contig_30_1515	K15553
MAG107_contig_30_1516	K15553
MAG107_contig_30_1517	K04091
MAG107_contig_30_1518	K15554
MAG107_contig_30_1519	K15555
MAG107_contig_30_1520	K09017
MAG107_contig_30_1521	K01243
MAG107_contig_30_1524	K03286
MAG107_contig_30_1525	K11890
MAG107_contig_30_1526	K11891
MAG107_contig_30_1528	K11895
MAG107_contig_30_1529	K11896
MAG107_contig_30_1530	K11897
MAG107_contig_30_1531	K11903
MAG107_contig_30_1532	K11900
MAG107_contig_30_1533	K11901
MAG107_contig_30_1535	K11907
MAG107_contig_30_1536	K11902
MAG107_contig_30_1537	K11893
MAG107_contig_30_1538	K11892
MAG107_contig_30_1540	K17733
MAG107_contig_30_1545	K03119
MAG107_contig_30_1546	K15552
MAG107_contig_30_1547	K10831
MAG107_contig_30_1548	K15551
MAG107_contig_30_1550	K00799
MAG107_contig_30_1553	K03687
MAG107_contig_30_1554	K04043
MAG107_contig_30_1555	K21745
MAG107_contig_30_1562	K08305
MAG107_contig_30_1563	K01589
MAG107_contig_30_1564	K01588
MAG107_contig_30_1565	K09922
MAG107_contig_30_1567	K02558
MAG107_contig_30_1569	K06975
MAG107_contig_30_1570	K06975
MAG107_contig_30_1571	K08159
MAG107_contig_30_1574	K05794
MAG107_contig_30_1575	K09962
MAG107_contig_30_1576	K01487
MAG107_contig_30_1577	K00760
MAG107_contig_30_1579	K03981
MAG107_contig_30_1581	K23240
MAG107_contig_30_1584	K03650
MAG107_contig_30_1585	K03217
MAG107_contig_30_1586	K08998
MAG107_contig_30_1587	K03536
MAG107_contig_30_1588	K02914
MAG107_contig_30_1589	K02313
MAG107_contig_30_1590	K02338
MAG107_contig_30_1591	K03629
MAG107_contig_30_1592	K02470
MAG107_contig_30_1594	K06158
MAG107_contig_30_1596	K01866
MAG107_contig_30_1597	K09001
MAG107_contig_30_1599	K15724
MAG107_contig_30_1608	K09974
MAG107_contig_30_1609	K03308
MAG107_contig_30_1611	K03500
MAG107_contig_30_1612	K00604
MAG107_contig_30_1615	K01687
MAG107_contig_30_1617	K04782
MAG107_contig_30_1619	K09470
MAG107_contig_30_1620	K07090
MAG107_contig_30_1622	K25316
MAG107_contig_30_1623	K03774
MAG107_contig_30_1624	K03101
MAG107_contig_30_1625	K01870
MAG107_contig_30_1626	K11753
MAG107_contig_30_1628	K07126
MAG107_contig_30_1630	K09016
MAG107_contig_30_1633	K17733
MAG107_contig_30_1636	K01595
MAG107_contig_30_1637	K18301
MAG107_contig_30_1638	K18302
MAG107_contig_30_1639	K18303
MAG107_contig_30_1641	K03686
MAG107_contig_30_1644	K00215
MAG107_contig_30_1646	K19577
MAG107_contig_30_1647	K06222
MAG107_contig_30_1651	K12957
MAG107_contig_30_1652	K01246
MAG107_contig_30_1654	K21472
MAG107_contig_30_1655	K03575
MAG107_contig_30_1657	K01061
MAG107_contig_30_1659	K09160
MAG107_contig_30_1660	K23721
MAG107_contig_30_1661	K07478
MAG107_contig_30_1662	K01126
MAG107_contig_30_1664	K02014
MAG107_contig_30_1667	K01923
MAG107_contig_30_1668	K07287
MAG107_contig_30_1669	K01714
MAG107_contig_30_1670	K08281
MAG107_contig_30_1671	K03453
MAG107_contig_30_1673	K22441
MAG107_contig_30_1676	K16264
MAG107_contig_30_1677	K00820
MAG107_contig_30_1678	K04042
MAG107_contig_30_1679	K01095
MAG107_contig_30_1680	K00946
MAG107_contig_30_1681	K03625
MAG107_contig_30_1682	K00794
MAG107_contig_30_1683	K14652
MAG107_contig_30_1685	K01079
MAG107_contig_30_1688	K07560
MAG107_contig_30_1689	K00763
MAG107_contig_30_1690	K01011
MAG107_contig_30_1691	K01613
MAG107_contig_30_1694	K07636
MAG107_contig_30_1695	K07657
MAG107_contig_30_1699	K26937
MAG107_contig_30_1700	K14287
MAG107_contig_30_1710	K19092
MAG107_contig_30_1711	K01501
MAG107_contig_30_1712	K14063
MAG107_contig_30_1713	K09797
MAG107_contig_30_1719	K01919
MAG107_contig_30_1720	K03611
MAG107_contig_30_1723	K07000
MAG107_contig_30_1725	K11959
MAG107_contig_30_1726	K11960
MAG107_contig_30_1727	K11961
MAG107_contig_30_1728	K11962
MAG107_contig_30_1729	K11963
MAG107_contig_30_1732	K24217
MAG107_contig_30_1737	K00799
MAG107_contig_30_1738	K18967
MAG107_contig_30_1740	K14731
MAG107_contig_30_1742	K00537
MAG107_contig_30_1743	K01142
MAG107_contig_30_1744	K00762
MAG107_contig_30_1746	K18346
MAG107_contig_30_1750	K01920
MAG107_contig_30_1751	K02563
MAG107_contig_30_1752	K01924
MAG107_contig_30_1753	K01921
MAG107_contig_30_1754	K03589
MAG107_contig_30_1755	K03590
MAG107_contig_30_1756	K03531
MAG107_contig_30_1757	K02535
MAG107_contig_30_1760	K00163
MAG107_contig_30_1763	K23541
MAG107_contig_30_1766	K00088
MAG107_contig_30_1767	K03431
MAG107_contig_30_1768	K00275
MAG107_contig_30_1769	K07462
MAG107_contig_30_1772	K10947
MAG107_contig_30_1776	K06911
MAG107_contig_30_1777	K07397
MAG107_contig_30_1779	K00799
MAG107_contig_30_1781	K02346
MAG107_contig_30_1782	K07273
MAG107_contig_30_1783	K18326
MAG107_contig_30_1785	K03707
MAG107_contig_30_1786	K09799
MAG107_contig_30_1788	K03111
MAG107_contig_30_1792	K24119
MAG107_contig_30_1795	K06911
MAG107_contig_30_1800	K04095
MAG107_contig_30_1804	K03427
MAG107_contig_30_1805	K01154
MAG107_contig_30_1806	K01153
MAG107_contig_30_1807	K07452
MAG107_contig_30_1808	K19147
MAG107_contig_30_1818	K00986
MAG107_contig_30_1821	K07733
MAG107_contig_30_1825	K07316
MAG107_contig_30_1826	K01156
MAG107_contig_30_1830	K03549
MAG107_contig_30_1831	K01173
MAG107_contig_30_1833	K06188
MAG107_contig_30_1837	K01755
MAG107_contig_30_1838	K08082
MAG107_contig_30_1839	K08083
MAG107_contig_30_1840	K01749
MAG107_contig_30_1841	K01719
MAG107_contig_30_1844	K07107
MAG107_contig_30_1845	K03746
MAG107_contig_30_1846	K02463
MAG107_contig_30_1847	K02452
MAG107_contig_30_1848	K02453
MAG107_contig_30_1850	K01091
MAG107_contig_30_1851	K01657
MAG107_contig_30_1852	K02358
MAG107_contig_30_1853	K03073
MAG107_contig_30_1854	K02601
MAG107_contig_30_1855	K02867
MAG107_contig_30_1856	K02863
MAG107_contig_30_1857	K02864
MAG107_contig_30_1858	K02935
MAG107_contig_30_1859	K03043
MAG107_contig_30_1860	K03046
MAG107_contig_30_1866	K07084
MAG107_contig_30_1867	K07275
MAG107_contig_30_1869	K04079
MAG107_contig_30_1878	K00632
MAG107_contig_30_1879	K01825
MAG107_contig_30_1881	K12979
MAG107_contig_30_1885	K03703
MAG107_contig_30_1887	K00995
MAG107_contig_30_1891	K02339
MAG107_contig_30_1892	K01255
MAG107_contig_30_1893	K07091
MAG107_contig_30_1894	K11720
MAG107_contig_30_1895	K15633
MAG107_contig_30_1896	K03797
MAG107_contig_30_1897	K02667
MAG107_contig_30_1898	K02668
MAG107_contig_30_1899	K07689
MAG107_contig_30_1900	K07262
MAG107_contig_30_1903	K01733
MAG107_contig_30_1904	K00003
MAG107_contig_30_1905	K03981
MAG107_contig_30_1906	K04763
MAG107_contig_30_1907	K04758
MAG107_contig_30_1908	K04759
MAG107_contig_30_1912	K00355
MAG107_contig_30_1918	K07447
MAG107_contig_30_1919	K07735
MAG107_contig_30_1920	K03631
MAG107_contig_30_1921	K09913
MAG107_contig_30_1922	K03218
MAG107_contig_30_1924	K00859
MAG107_contig_30_1925	K02654
MAG107_contig_30_1926	K02653
MAG107_contig_30_1927	K02652
MAG107_contig_30_1928	K01803
MAG107_contig_30_1929	K03075
MAG107_contig_30_1930	K09748
MAG107_contig_30_1931	K02600
MAG107_contig_30_1932	K02519
MAG107_contig_30_1933	K02834
MAG107_contig_30_1935	K03744
MAG107_contig_30_1936	K06872
MAG107_contig_30_1940	K02650
MAG107_contig_30_1942	K03594
MAG107_contig_30_1943	K02192
MAG107_contig_30_1944	K09022
MAG107_contig_30_1946	K03060
MAG107_contig_30_1947	K00942
MAG107_contig_30_1948	K03527
MAG107_contig_30_1949	K08084
MAG107_contig_30_1950	K02671
MAG107_contig_30_1951	K02672
MAG107_contig_30_1952	K02673
MAG107_contig_30_1953	K02674
MAG107_contig_30_1954	K02655
MAG107_contig_30_1955	K02655
MAG107_contig_30_1956	K02959
MAG107_contig_30_1957	K02860
MAG107_contig_30_1958	K00554
MAG107_contig_30_1959	K02884
MAG107_contig_30_1960	K01046
MAG107_contig_30_1961	K01046
MAG107_contig_30_1963	K03177
MAG107_contig_30_1964	K07090
MAG107_contig_30_1966	K11939
MAG107_contig_30_1967	K07126
MAG107_contig_30_1968	K07313
MAG107_contig_30_1970	K11939
MAG107_contig_30_1971	K00058
MAG107_contig_30_1975	K01921
MAG107_contig_30_1976	K07074
MAG107_contig_30_1977	K06911
MAG107_contig_30_1979	K08160
MAG107_contig_30_1984	K04565
MAG107_contig_30_1990	K14475
MAG107_contig_30_1997	K00018
MAG107_contig_30_2006	K01879
MAG107_contig_30_2007	K01878
MAG107_contig_30_2015	K07168
MAG107_contig_30_2016	K03973
MAG107_contig_30_2019	K03457
MAG107_contig_30_2020	K13776
MAG107_contig_30_2021	K08300
MAG107_contig_30_2022	K06179
MAG107_contig_30_2023	K01091
MAG107_contig_30_2025	K00799
MAG107_contig_30_2027	K05817
MAG107_contig_30_2028	K03827
MAG107_contig_30_2030	K13985
MAG107_contig_30_2035	K03781
MAG107_contig_30_2037	K09456
MAG107_contig_30_2041	K03286
MAG107_contig_30_2043	K08484
MAG107_contig_30_2044	K08311
MAG107_contig_30_2051	K01703
MAG107_contig_30_2052	K01704
MAG107_contig_30_2054	K00052
MAG107_contig_30_2056	K02518
MAG107_contig_30_2059	K06173
MAG107_contig_30_2060	K01424
MAG107_contig_30_2062	K08086
MAG107_contig_30_2063	K00133
MAG107_contig_30_2067	K02517
MAG107_contig_30_2068	K23518
MAG107_contig_30_2072	K15738
MAG107_contig_30_2073	K03745
MAG107_contig_30_2077	K07160
MAG107_contig_30_2078	K22210
MAG107_contig_30_2085	K03168
MAG107_contig_30_2088	K21908
MAG107_contig_30_2090	K00865
MAG107_contig_30_2091	K03657
MAG107_contig_30_2095	K26735
MAG107_contig_30_2096	K02913
MAG107_contig_30_2097	K02902
MAG107_contig_30_2098	K00154
MAG107_contig_30_2100	K01433
MAG107_contig_30_2101	K03832
MAG107_contig_30_2102	K03561
MAG107_contig_30_2103	K03559
MAG107_contig_30_2104	K07304
MAG107_contig_30_2106	K06889
MAG107_contig_30_2107	K03672
MAG107_contig_30_2108	K10806
MAG107_contig_30_2111	K09767
MAG107_contig_30_2113	K15461
MAG107_contig_30_2115	K09780
MAG107_contig_30_2116	K06190
MAG107_contig_30_2117	K07053
MAG107_contig_30_2118	K07042
MAG107_contig_30_2119	K06217
MAG107_contig_30_2120	K06168
MAG107_contig_30_2121	K08309
MAG107_contig_30_2123	K00024
MAG107_contig_30_2126	K07394
MAG107_contig_30_2127	K07115
MAG107_contig_30_2128	K17103
MAG107_contig_30_2133	K03668
MAG107_contig_30_2135	K00287
MAG107_contig_30_2136	K00560
MAG107_contig_30_2141	K13292
MAG107_contig_30_2143	K07093
MAG107_contig_30_2144	K03118
MAG107_contig_30_2145	K03117
MAG107_contig_30_2146	K03116
MAG107_contig_30_2148	K01519
MAG107_contig_30_2151	K07126
MAG107_contig_30_2153	K00641
MAG107_contig_30_2154	K01649
MAG107_contig_30_2156	K07336
MAG107_contig_30_2157	K16090
MAG107_contig_30_2158	K03545
MAG107_contig_30_2159	K01358
MAG107_contig_30_2160	K03544
MAG107_contig_30_2162	K09924
MAG107_contig_30_2163	K09924
MAG107_contig_30_2165	K01676
MAG107_contig_30_2167	K02014
MAG107_contig_30_2168	K13788
MAG107_contig_30_2169	K00925
MAG107_contig_30_2170	K00147
MAG107_contig_30_2173	K01207
MAG107_contig_30_2174	K03797
MAG107_contig_30_2175	K21023
MAG107_contig_30_2176	K02837
MAG107_contig_30_2179	K03424
MAG107_contig_30_2180	K01681
MAG107_contig_30_2182	K22132
MAG107_contig_30_2187	K05539
MAG107_contig_30_2190	K04095
MAG107_contig_30_2192	K00450
MAG107_contig_30_2193	K22270
MAG107_contig_30_2194	K01801
MAG107_contig_30_2195	K16165
MAG107_contig_30_2196	K08195
MAG107_contig_30_2197	K21758
MAG107_contig_30_2199	K18900
MAG107_contig_30_2200	K26606
MAG107_contig_30_2201	K26605
MAG107_contig_30_2203	K05799
MAG107_contig_30_2204	K18335
MAG107_contig_30_2205	K18336
MAG107_contig_30_2206	K18334
MAG107_contig_30_2207	K07046
MAG107_contig_30_2208	K18333
MAG107_contig_30_2209	K03534
MAG107_contig_30_2210	K02429
MAG107_contig_30_2211	K07267
MAG107_contig_30_2212	K07023
MAG107_contig_30_2213	K16326
MAG107_contig_30_2214	K16053
MAG107_contig_30_2219	K01297
MAG107_contig_30_2221	K00324
MAG107_contig_30_2223	K00325
MAG107_contig_30_2225	K03074
MAG107_contig_30_2226	K03072
MAG107_contig_30_2227	K03210
MAG107_contig_30_2228	K00773
MAG107_contig_30_2230	K06211
MAG107_contig_30_2231	K03811
MAG107_contig_30_2232	K03744
MAG107_contig_30_2235	K07568
MAG107_contig_30_2236	K12979
MAG107_contig_30_2238	K00982
MAG107_contig_30_2239	K00826
MAG107_contig_30_2240	K07497
MAG107_contig_30_2242	K08679
MAG107_contig_30_2243	K00012
MAG107_contig_30_2246	K07270
MAG107_contig_30_2248	K07270
MAG107_contig_30_2249	K07270
MAG107_contig_30_2250	K07270
MAG107_contig_30_2251	K02517
MAG107_contig_30_2253	K01876
MAG107_contig_30_2255	K02847
MAG107_contig_30_2256	K02014
MAG107_contig_30_2261	K13256
MAG107_contig_30_2265	K07734
MAG107_contig_30_2266	K20035
MAG107_contig_30_2267	K20035
MAG107_contig_30_2269	K20034
MAG107_contig_30_2271	K12349
MAG107_contig_30_2274	K01868
MAG107_contig_30_2275	K02520
MAG107_contig_30_2277	K11209
MAG107_contig_30_2280	K03832
MAG107_contig_30_2282	K02916
MAG107_contig_30_2283	K02887
MAG107_contig_30_2291	K01889
MAG107_contig_30_2292	K01890
MAG107_contig_30_2293	K04764
MAG107_contig_30_2295	K03628
MAG107_contig_30_2296	K03671
MAG107_contig_30_2297	K01524
MAG107_contig_30_2298	K01962
MAG107_contig_30_2299	K04075
MAG107_contig_30_2300	K00286
MAG107_contig_30_2301	K02221
MAG107_contig_30_2302	K02335
MAG107_contig_30_2304	K00626
MAG107_contig_30_2305	K08084
MAG107_contig_30_2306	K03286
MAG107_contig_30_2309	K14415
MAG107_contig_30_2310	K11733
MAG107_contig_30_2311	K00564
MAG107_contig_30_2312	K16345
MAG107_contig_30_2313	K06207
MAG107_contig_30_2314	K03282
MAG107_contig_30_2318	K10563
MAG107_contig_30_2319	K07267
MAG107_contig_30_2320	K02014
MAG107_contig_30_2322	K13936
MAG107_contig_30_2323	K07126
MAG107_contig_30_2324	K03981
MAG107_contig_30_2332	K20455
MAG107_contig_30_2342	K06945
MAG107_contig_30_2345	K03600
MAG107_contig_30_2346	K03599
MAG107_contig_30_2348	K02996
MAG107_contig_30_2349	K02871
MAG107_contig_30_2351	K00097
MAG107_contig_30_2353	K02528
MAG107_contig_30_2354	K01525
MAG107_contig_30_2358	K06518
MAG107_contig_30_2359	K03665
MAG107_contig_30_2361	K06132
MAG107_contig_30_2362	K07098
MAG107_contig_30_2364	K02935
MAG107_contig_30_2368	K06193
MAG107_contig_30_2370	K08172
MAG107_contig_30_2371	K00140
MAG107_contig_30_2372	K03559
MAG107_contig_30_2373	K03559
MAG107_contig_30_2374	K03561
MAG107_contig_30_2375	K03832
MAG107_contig_30_2376	K02014
MAG107_contig_30_2380	K02033
MAG107_contig_30_2381	K02034
MAG107_contig_30_2382	K02031
MAG107_contig_30_2384	K06178
MAG107_contig_30_2385	K06024
MAG107_contig_30_2386	K05896
MAG107_contig_30_2387	K05548
MAG107_contig_30_2389	K07535
MAG107_contig_30_2390	K07536
MAG107_contig_30_2391	K04117
MAG107_contig_30_2392	K04116
MAG107_contig_30_2396	K00549
MAG107_contig_30_2397	K09024
MAG107_contig_30_2402	K00526
MAG107_contig_30_2404	K00525
MAG107_contig_30_2405	K07661
MAG107_contig_30_2406	K07639
MAG107_contig_30_2411	K00330
MAG107_contig_30_2412	K00331
MAG107_contig_30_2413	K13378
MAG107_contig_30_2414	K00334
MAG107_contig_30_2415	K00335
MAG107_contig_30_2416	K00336
MAG107_contig_30_2417	K00337
MAG107_contig_30_2418	K00338
MAG107_contig_30_2419	K00339
MAG107_contig_30_2420	K00340
MAG107_contig_30_2421	K00341
MAG107_contig_30_2422	K00342
MAG107_contig_30_2423	K00343
MAG107_contig_30_2424	K00761
MAG107_contig_30_2429	K03153
MAG107_contig_30_2430	K01698
MAG107_contig_30_2432	K03543
MAG107_contig_30_2433	K03446
MAG107_contig_30_2437	K00548
MAG107_contig_30_2440	K03306
MAG107_contig_30_2442	K07497
MAG107_contig_30_2445	K00957
MAG107_contig_30_2446	K00956
MAG107_contig_30_2448	K09965
MAG107_contig_30_2449	K06076
MAG107_contig_30_2450	K00344
MAG107_contig_30_2454	K03300
MAG107_contig_30_2455	K03699
MAG107_contig_30_2456	K14657
MAG107_contig_30_2457	K01637
MAG107_contig_30_2459	K03608
MAG107_contig_30_2460	K03609
MAG107_contig_30_2461	K03610
MAG107_contig_30_2464	K03286
MAG107_contig_30_2465	K03656
MAG107_contig_30_2466	K01520
MAG107_contig_30_2467	K15778
MAG107_contig_30_2468	K00930
MAG107_contig_30_2469	K22310
MAG107_contig_30_2471	K07216
MAG107_contig_30_2473	K09801
MAG107_contig_30_2474	K06186
MAG107_contig_30_2475	K03711
MAG107_contig_30_2476	K02670
MAG107_contig_30_2477	K02669
MAG107_contig_30_2478	K06997
MAG107_contig_30_2479	K06153
MAG107_contig_30_2485	K03546
MAG107_contig_30_2486	K03547
MAG107_contig_30_2487	K06996
MAG107_contig_30_2492	K03462
MAG107_contig_30_2493	K00948
MAG107_contig_30_2496	K03312
MAG107_contig_30_2497	K07240
MAG107_contig_30_2498	K07001
MAG107_contig_30_2499	K10806
MAG107_contig_30_2506	K07507
MAG107_contig_30_2508	K01802
MAG107_contig_30_2509	K11931
MAG107_contig_30_2510	K11936
MAG107_contig_30_2511	K11937
MAG107_contig_30_2513	K17837
MAG107_contig_30_2521	K07400
MAG107_contig_30_2522	K16089
MAG107_contig_30_2525	K01673
MAG107_contig_30_2526	K06076
MAG107_contig_30_2527	K04095
MAG107_contig_30_2529	K09788
MAG107_contig_30_2534	K07340
MAG107_contig_30_2535	K07001
MAG107_contig_30_2537	K08218
MAG107_contig_30_2538	K03760
MAG107_contig_30_2539	K02483
MAG107_contig_30_2543	K03320
MAG107_contig_30_2551	K01873
MAG107_contig_30_2555	K10536
MAG107_contig_30_2558	K18139
MAG107_contig_30_2559	K18138
MAG107_contig_30_2560	K03585
MAG107_contig_30_2561	K19302
MAG107_contig_30_2563	K02523
MAG107_contig_30_2564	K02888
MAG107_contig_30_2565	K02899
MAG107_contig_30_2566	K03634
MAG107_contig_30_2569	K01875
MAG107_contig_30_2570	K02302
MAG107_contig_30_2571	K03216
MAG107_contig_30_2576	K03809
MAG107_contig_30_2577	K14052
MAG107_contig_30_2580	K03801
MAG107_contig_30_2581	K09158
MAG107_contig_30_2582	K03086
MAG107_contig_30_2584	K07039
MAG107_contig_30_2585	K05835
MAG107_contig_30_2586	K03975
MAG107_contig_30_2587	K07146
MAG107_contig_30_2588	K06938
MAG107_contig_30_2593	K01579
MAG107_contig_30_2594	K01056
MAG107_contig_30_2595	K02897
MAG107_contig_30_2596	K00948
MAG107_contig_30_2598	K00919
MAG107_contig_30_2599	K02494
MAG107_contig_30_2601	K02492
MAG107_contig_30_2603	K02316
MAG107_contig_30_2604	K05807
MAG107_contig_30_2605	K06180
MAG107_contig_30_2608	K05810
MAG107_contig_30_2609	K03809
MAG107_contig_30_2613	K03664
MAG107_contig_30_2614	K00954
MAG107_contig_30_2616	K01113
MAG107_contig_30_2618	K01491
MAG107_contig_30_2621	K03761
MAG107_contig_30_2622	K02444
MAG107_contig_30_2623	K00111
MAG107_contig_30_2626	K01596
MAG107_contig_30_2629	K04078
MAG107_contig_30_2630	K04077
MAG107_contig_30_2633	K01126
MAG107_contig_30_2634	K18138
MAG107_contig_30_2635	K06213
MAG107_contig_30_2637	K04564
MAG107_contig_30_2639	K04691
MAG107_contig_30_2642	K04485
MAG107_contig_30_2643	K11737
MAG107_contig_30_2645	K01586
MAG107_contig_30_2646	K01778
MAG107_contig_30_2648	K06996
MAG107_contig_30_2649	K01338
MAG107_contig_30_2650	K01934
MAG107_contig_30_2654	K16235
MAG107_contig_30_2655	K16235
MAG107_contig_30_2656	K03683
MAG107_contig_30_2661	K03799
MAG107_contig_30_2662	K08309
MAG107_contig_30_2663	K14058
MAG107_contig_30_2665	K18691
MAG107_contig_30_2666	K04760
MAG107_contig_30_2667	K02014
MAG107_contig_30_2672	K23514
MAG107_contig_30_2673	K07165
MAG107_contig_30_2674	K16088
MAG107_contig_30_2675	K03762
MAG107_contig_30_2677	K05595
MAG107_contig_30_2678	K16088
MAG107_contig_30_2685	K01799
MAG107_contig_30_2686	K08195
MAG107_contig_30_2691	K16137
MAG107_contig_30_2693	K08987
MAG107_contig_30_2704	K15342
MAG107_contig_30_2705	K07012
MAG107_contig_30_2706	K19127
MAG107_contig_30_2707	K19128
MAG107_contig_30_2708	K19129
MAG107_contig_30_2709	K19130
MAG107_contig_30_2714	K07345
MAG107_contig_30_2715	K15540
MAG107_contig_30_2716	K07347
MAG107_contig_30_2719	K21699
MAG107_contig_30_2720	K00822
MAG107_contig_30_2721	K00140
MAG107_contig_30_2722	K11735
MAG107_contig_30_2724	K07345
MAG107_contig_30_2725	K07350
MAG107_contig_30_2726	K07347
MAG107_contig_30_2729	K07345
MAG107_contig_30_2736	K02078
MAG107_contig_30_2737	K02078
MAG107_contig_30_2742	K01745
MAG107_contig_30_2743	K07107
MAG107_contig_30_2744	K03634
MAG107_contig_30_2748	K00647
MAG107_contig_30_2750	K00059
MAG107_contig_30_2754	K07183
MAG107_contig_30_2755	K02575
MAG107_contig_30_2756	K00362
MAG107_contig_30_2757	K00363
MAG107_contig_30_2758	K00372
MAG107_contig_30_2759	K03752
MAG107_contig_30_2760	K03639
MAG107_contig_30_2761	K03636
MAG107_contig_30_2762	K03635
MAG107_contig_30_2763	K02624
MAG107_contig_30_2764	K01031
MAG107_contig_30_2765	K01032
MAG107_contig_30_2766	K07823
MAG107_contig_30_2767	K01857
MAG107_contig_30_2768	K01055
MAG107_contig_30_2769	K08195
MAG107_contig_30_2770	K01607
MAG107_contig_30_2771	K00449
MAG107_contig_30_2772	K00448
MAG107_contig_30_2773	K03785
MAG107_contig_30_2774	K09483
MAG107_contig_30_2775	K07267
MAG107_contig_30_2776	K05358
MAG107_contig_30_2779	K09144
MAG107_contig_30_2780	K19591
MAG107_contig_30_2781	K17686
MAG107_contig_30_2783	K07156
MAG107_contig_30_2784	K07644
MAG107_contig_30_2785	K07665
MAG107_contig_30_2787	K03666
MAG107_contig_30_2788	K06153
MAG107_contig_30_2789	K01546
MAG107_contig_30_2790	K01547
MAG107_contig_30_2791	K01548
MAG107_contig_30_2792	K07646
MAG107_contig_30_2793	K07667
MAG107_contig_30_2798	K08223
MAG107_contig_30_2802	K09888
MAG107_contig_30_2804	K09895
MAG107_contig_30_2805	K01262
MAG107_contig_30_2811	K03185
MAG107_contig_30_2814	K07056
MAG107_contig_30_2815	K07121
MAG107_contig_30_2816	K07460
MAG107_contig_30_2819	K03426
MAG107_contig_30_2821	K14159
MAG107_contig_30_2822	K08307
MAG107_contig_30_2823	K13893
MAG107_contig_30_2824	K13894
MAG107_contig_30_2825	K13895
MAG107_contig_30_2826	K02031
MAG107_contig_30_2829	K07275
MAG107_contig_30_2830	K01265
MAG107_contig_30_2831	K02967
MAG107_contig_30_2832	K02357
MAG107_contig_30_2834	K07506
MAG107_contig_30_2835	K26605
MAG107_contig_30_2836	K26606
MAG107_contig_30_2841	K03642
MAG107_contig_30_2842	K08305
MAG107_contig_30_2843	K05837
MAG107_contig_30_2845	K06879
MAG107_contig_30_2847	K01990
MAG107_contig_30_2854	K03704
MAG107_contig_30_2858	K07729
MAG107_contig_30_2872	K10857
MAG107_contig_30_2881	K00600
MAG107_contig_30_2882	K06140
MAG107_contig_30_2884	K03181
MAG107_contig_30_2885	K03179
MAG107_contig_30_2896	K24206
MAG107_contig_30_2899	K06956
MAG107_contig_30_2901	K06998
MAG107_contig_30_2902	K07263
MAG107_contig_30_2904	K22900
MAG107_contig_30_2905	K18446
MAG107_contig_30_2906	K18446
MAG107_contig_30_2908	K00788
MAG107_contig_30_2909	K01845
MAG107_contig_30_2910	K11477
MAG107_contig_30_2918	K11904
MAG107_contig_30_2922	K02483
MAG107_contig_30_2925	K03574
MAG107_contig_30_2927	K05365
MAG107_contig_30_2928	K00858
MAG107_contig_30_2929	K09916
MAG107_contig_30_2931	K00766
MAG107_contig_30_2932	K11103
MAG107_contig_30_2934	K02839
MAG107_contig_30_2935	K03979
MAG107_contig_30_2936	K00931
MAG107_contig_30_2938	K18697
MAG107_contig_30_2940	K05540
MAG107_contig_30_2943	K00459
MAG107_contig_30_2944	K22736
MAG107_contig_30_2946	K07131
MAG107_contig_30_2953	K24119
MAG107_contig_30_2954	K03578
MAG107_contig_30_2955	K16872
MAG107_contig_30_2962	K05836
MAG107_contig_30_2963	K09975
MAG107_contig_30_2964	K01712
MAG107_contig_30_2965	K01745
MAG107_contig_30_2966	K16234
MAG107_contig_30_2967	K01468
MAG107_contig_30_2968	K01479
MAG107_contig_30_2969	K00261
MAG107_contig_30_2978	K09808
MAG107_contig_30_2979	K09810
MAG107_contig_30_2980	K02238
MAG107_contig_30_2981	K02238
MAG107_contig_30_2982	K02517
MAG107_contig_30_2983	K04773
MAG107_contig_30_2985	K11175
MAG107_contig_30_2986	K01933
MAG107_contig_30_2988	K10763
MAG107_contig_30_2995	K03387
MAG107_contig_30_2996	K01118
MAG107_contig_30_2997	K03566
MAG107_contig_30_3001	K08303
MAG107_contig_30_3002	K00537
MAG107_contig_30_3003	K03892
MAG107_contig_30_3004	K03325
MAG107_contig_30_3012	K03580
MAG107_contig_30_3013	K01897
MAG107_contig_30_3015	K00215
MAG107_contig_30_3016	K22105
MAG107_contig_30_3017	K22770
MAG107_contig_30_3018	K22769
MAG107_contig_30_3021	K07090
MAG107_contig_30_3022	K16091
MAG107_contig_30_3024	K00836
MAG107_contig_30_3025	K13745
MAG107_contig_30_3027	K05524
MAG107_contig_30_3029	K03555
MAG107_contig_30_3035	K07733
MAG107_contig_30_3038	K09913
MAG107_contig_30_3050	K11937
MAG107_contig_30_3051	K11936
MAG107_contig_30_3052	K11931
MAG107_contig_30_3053	K11935
MAG107_contig_30_3072	K02014
MAG107_contig_30_3073	K02014
MAG107_contig_30_3077	K07044
MAG107_contig_30_3078	K10533
MAG107_contig_30_3079	K07044
MAG107_contig_30_3080	K15977
MAG107_contig_30_3082	K09930
MAG107_contig_30_3083	K09929
MAG107_contig_30_3084	K03088
MAG107_contig_30_3087	K02483
MAG107_contig_30_3088	K11477
MAG107_contig_30_3089	K07127
MAG107_contig_30_3092	K03098
MAG107_contig_30_3093	K00507
MAG107_contig_30_3094	K06954
MAG107_contig_30_3095	K09701
MAG107_contig_30_3096	K00574
MAG107_contig_30_3103	K27042
MAG107_contig_30_3104	K01696
MAG107_contig_30_3105	K01695
MAG107_contig_30_3108	K13795
MAG107_contig_30_3109	K13796
MAG107_contig_30_3110	K13794
MAG107_contig_30_3111	K02020
MAG107_contig_30_3112	K03288
MAG107_contig_30_3113	K13794
MAG107_contig_30_3119	K07345
MAG107_contig_30_3121	K07347
MAG107_contig_30_3126	K03639
MAG107_contig_30_3127	K03637
MAG107_contig_30_3128	K03750
MAG107_contig_30_3129	K03752
MAG107_contig_30_3131	K03635
MAG107_contig_30_3133	K02379
MAG107_contig_30_3134	K02020
MAG107_contig_30_3135	K02018
MAG107_contig_30_3138	K21645
MAG107_contig_30_3139	K21645
MAG107_contig_30_3140	K01779
MAG107_contig_30_3142	K03932
MAG107_contig_30_3143	K03719
MAG107_contig_30_3144	K01556
MAG107_contig_30_3146	K00784
MAG107_contig_30_3150	K01061
MAG107_contig_30_3155	K04033
MAG107_contig_30_3156	K11311
MAG107_contig_30_3157	K05600
MAG107_contig_30_3158	K05599
MAG107_contig_30_3161	K23677
MAG107_contig_30_3163	K04940
MAG107_contig_30_3166	K01426
MAG107_contig_30_3167	K22027
MAG107_contig_30_3172	K03863
MAG107_contig_30_3173	K23470
MAG107_contig_30_3174	K14063
MAG107_contig_30_3178	K01434
MAG107_contig_30_3179	K01055
MAG107_contig_30_3180	K07823
MAG107_contig_30_3181	K01032
MAG107_contig_30_3182	K01031
MAG107_contig_30_3183	K03464
MAG107_contig_30_3184	K01856
MAG107_contig_30_3185	K21756
MAG107_contig_30_3189	K03381
MAG107_contig_30_3190	K21758
MAG107_contig_30_3192	K00426
MAG107_contig_30_3193	K00425
MAG107_contig_30_3194	K06518
MAG107_contig_30_3199	K00141
MAG107_contig_30_3200	K00055
MAG107_contig_30_3201	K03118
MAG107_contig_30_3202	K03117
MAG107_contig_30_3203	K03116
MAG107_contig_30_3204	K00059
MAG107_contig_30_3207	K00135
MAG107_contig_30_3208	K00854
MAG107_contig_30_3209	K01091
MAG107_contig_30_3210	K19337
MAG107_contig_30_3211	K01807
MAG107_contig_30_3216	K13877
MAG107_contig_30_3217	K02024
MAG107_contig_30_3220	K01113
MAG107_contig_30_3221	K03116
MAG107_contig_30_3222	K03117
MAG107_contig_30_3223	K03118
MAG107_contig_30_3224	K13444
MAG107_contig_30_3227	K07126
MAG107_contig_30_3228	K00311
MAG107_contig_30_3229	K08196
MAG107_contig_30_3230	K06446
MAG107_contig_30_3231	K01041
MAG107_contig_30_3232	K20329
MAG107_contig_30_3234	K23948
MAG107_contig_30_3236	K20329
MAG107_contig_30_3238	K00074
MAG107_contig_30_3240	K01692
MAG107_contig_30_3241	K06446
MAG107_contig_30_3242	K08196
MAG107_contig_30_3243	K01031
MAG107_contig_30_3244	K01032
MAG107_contig_30_3248	K20035
MAG107_contig_30_3249	K15866
MAG107_contig_30_3251	K17735
MAG107_contig_30_3252	K00019
MAG107_contig_30_3254	K17737
MAG107_contig_30_3255	K01028
MAG107_contig_30_3256	K01029
MAG107_contig_30_3257	K00626
MAG107_contig_30_3259	K09803
MAG107_contig_30_3260	K02014
MAG107_contig_30_3261	K23376
MAG107_contig_30_3262	K23374
MAG107_contig_30_3263	K23361
MAG107_contig_30_3264	K23375
MAG107_contig_30_3265	K21721
MAG107_contig_30_3266	K21949
MAG107_contig_30_3267	K02014
MAG107_contig_30_3268	K11904
MAG107_contig_30_3275	K07126
MAG107_contig_30_3284	K16135
MAG107_contig_30_3285	K07246
MAG107_contig_30_3287	K14731
MAG107_contig_30_3288	K22443
MAG107_contig_30_3289	K00135
MAG107_contig_30_3290	K22444
MAG107_contig_30_3292	K03381
MAG107_contig_30_3293	K16246
MAG107_contig_30_3294	K16245
MAG107_contig_30_3295	K16242
MAG107_contig_30_3296	K16244
MAG107_contig_30_3297	K16243
MAG107_contig_30_3298	K16249
MAG107_contig_30_3300	K18143
MAG107_contig_30_3301	K18144
MAG107_contig_30_3302	K18145
MAG107_contig_30_3303	K18138
MAG107_contig_30_3304	K03832
MAG107_contig_30_3305	K07215
MAG107_contig_30_3306	K09790
MAG107_contig_30_3309	K23514
MAG107_contig_30_3310	K07165
MAG107_contig_30_3311	K16087
MAG107_contig_30_3313	K07280
MAG107_contig_30_3315	K07497
MAG107_contig_30_3320	K00812
MAG107_contig_30_3325	K03702
MAG107_contig_30_3326	K03098
MAG107_contig_30_3327	K05786
MAG107_contig_30_3333	K19267
MAG107_contig_30_3335	K08984
MAG107_contig_30_3336	K01756
MAG107_contig_30_3337	K07153
MAG107_contig_30_3338	K00566
MAG107_contig_30_3339	K12152
MAG107_contig_30_3341	K01726
MAG107_contig_30_3342	K07258
MAG107_contig_30_3345	K03787
MAG107_contig_30_3346	K06194
MAG107_contig_30_3347	K21698
MAG107_contig_30_3348	K00821
MAG107_contig_30_3349	K07390
MAG107_contig_30_3351	K04770
MAG107_contig_30_3352	K08218
MAG107_contig_30_3353	K01759
MAG107_contig_30_3354	K14347
MAG107_contig_30_3355	K02909
MAG107_contig_30_3357	K23127
MAG107_contig_30_3358	K19810
MAG107_contig_30_3359	K02356
MAG107_contig_30_3360	K07497
MAG107_contig_30_3362	K06200
MAG107_contig_30_3364	K00077
MAG107_contig_30_3365	K03924
MAG107_contig_30_3367	K22452
MAG107_contig_30_3375	K07118
MAG107_contig_30_3386	K16089
MAG107_contig_30_3388	K16088
MAG107_contig_30_3389	K23514
MAG107_contig_30_3390	K07799
MAG107_contig_30_3391	K07788
MAG107_contig_30_3395	K06901
MAG107_contig_30_3396	K21053
MAG107_contig_30_3398	K12262
MAG107_contig_30_3400	K03470
MAG107_contig_30_3401	K03563
MAG107_contig_30_3402	K00928
MAG107_contig_30_3403	K01872
MAG107_contig_30_3408	K26606
MAG107_contig_30_3409	K26605
MAG107_contig_30_3410	K26601
MAG107_contig_30_3411	K07559
MAG107_contig_30_3416	K02502
MAG107_contig_30_3417	K01939
MAG107_contig_30_3418	K23010
MAG107_contig_30_3420	K23010
MAG107_contig_30_3422	K10914
MAG107_contig_30_3423	K07397
MAG107_contig_30_3431	K11717
MAG107_contig_30_3433	K01470
MAG107_contig_30_3434	K00640
MAG107_contig_30_3436	K03695
MAG107_contig_30_3439	K12297
MAG107_contig_30_3443	K00609
MAG107_contig_30_3445	K16191
MAG107_contig_30_3451	K07497
MAG107_contig_30_3459	K07486
MAG107_contig_30_3466	K03439
MAG107_contig_30_3477	K11103
MAG107_contig_30_3478	K05520
MAG107_contig_30_3537	K01185
MAG107_contig_30_3543	K03502
MAG107_contig_30_3544	K03503
MAG107_contig_30_3549	K07275
MAG107_contig_30_3553	K18189
MAG107_contig_30_3561	K01633
MAG107_contig_30_3562	K00950
MAG107_contig_30_3563	K08985
MAG107_contig_30_3564	K06134
MAG107_contig_30_3566	K07278
MAG107_contig_30_3567	K09800
MAG107_contig_30_3570	K20034
MAG107_contig_30_3574	K00090
MAG107_contig_30_3575	K01423
MAG107_contig_30_3579	K09117
MAG107_contig_30_3580	K02970
MAG107_contig_30_3581	K25706
MAG107_contig_30_3584	K05597
MAG107_contig_30_3585	K14260
MAG107_contig_30_3586	K07305
MAG107_contig_30_3587	K00432
MAG107_contig_30_3591	K03585
MAG107_contig_30_3592	K02014
MAG107_contig_30_3594	K00990
MAG107_contig_30_3595	K08289
MAG107_contig_30_3596	K07038
MAG107_contig_30_3597	K26606
MAG107_contig_30_3598	K26605
MAG107_contig_30_3601	K10914
MAG107_contig_30_3603	K04564
MAG107_contig_30_3604	K06942
MAG107_contig_30_3605	K02072
MAG107_contig_30_3606	K02071
MAG107_contig_30_3607	K02073
MAG107_contig_30_3608	K02073
MAG107_contig_30_3609	K20938
MAG107_contig_30_3615	K01682
MAG107_contig_30_3619	K00116
MAG107_contig_30_3620	K03719
MAG107_contig_30_3621	K10716
MAG107_contig_30_3623	K03312
MAG107_contig_30_3629	K06183
MAG107_contig_30_3632	K07473
MAG107_contig_30_3633	K06177
MAG107_contig_30_3634	K06925
MAG107_contig_30_3635	K03572
MAG107_contig_30_3636	K00791
MAG107_contig_30_3637	K03666
MAG107_contig_30_3638	K03771
MAG107_contig_30_3639	K04744
MAG107_contig_30_3640	K07102
MAG107_contig_30_3641	K00992
MAG107_contig_30_3642	K03501
MAG107_contig_30_3643	K03496
MAG107_contig_30_3644	K03497
MAG107_contig_30_3645	K03561
MAG107_contig_30_3646	K03559
MAG107_contig_30_3647	K11085
MAG107_contig_30_3648	K00912
MAG107_contig_30_3649	K00979
MAG107_contig_30_3650	K02341
MAG107_contig_30_3651	K02676
MAG107_contig_30_3652	K03424
MAG107_contig_30_3655	K02458
MAG107_contig_30_3656	K02459
MAG107_contig_30_3657	K02460
MAG107_contig_30_3658	K01737
MAG107_contig_30_3659	K03648
MAG107_contig_30_3660	K05605
MAG107_contig_30_3661	K11991
MAG107_contig_30_3663	K00945
MAG107_contig_30_3664	K02945
MAG107_contig_30_3665	K05788
MAG107_contig_30_3666	K08992
MAG107_contig_30_3669	K15540
MAG107_contig_30_3670	K07345
MAG107_contig_30_3671	K26606
MAG107_contig_30_3672	K26605
MAG107_contig_30_3673	K23779
MAG107_contig_30_3674	K01591
MAG107_contig_30_3678	K06916
MAG107_contig_30_3679	K03498
MAG107_contig_30_3680	K03499
MAG107_contig_30_3683	K01754
MAG107_contig_30_3684	K01807
MAG107_contig_30_3690	K06035
MAG107_contig_30_3692	K00145
MAG107_contig_30_3694	K06891
MAG107_contig_30_3695	K03694
MAG107_contig_30_3697	K09771
MAG107_contig_30_3700	K00557
MAG107_contig_30_3704	K03566
MAG107_contig_30_3705	K00252
MAG107_contig_30_3706	K08196
MAG107_contig_30_3707	K01041
MAG107_contig_30_3708	K00937
MAG107_contig_30_3710	K00611
MAG107_contig_30_3711	K18137
MAG107_contig_30_3712	K03417
MAG107_contig_30_3713	K01659
MAG107_contig_30_3718	K18850
MAG107_contig_30_3719	K07746
MAG107_contig_30_3720	K25422
MAG107_contig_30_3721	K09966
MAG107_contig_30_3722	K00927
MAG107_contig_30_3724	K01624
MAG107_contig_30_3726	K22479
MAG107_contig_30_3727	K22479
MAG107_contig_30_3728	K09925
MAG107_contig_30_3734	K01770
MAG107_contig_30_3735	K02968
MAG107_contig_30_3736	K17290
MAG107_contig_30_3737	K02553
MAG107_contig_30_3740	K07223
MAG107_contig_30_3742	K03723
MAG107_contig_30_3744	K01768
MAG107_contig_30_3746	K04044
MAG107_contig_30_3747	K04082
MAG107_contig_30_3748	K13628
MAG107_contig_30_3749	K04488
MAG107_contig_30_3750	K04487
MAG107_contig_30_3751	K13643
MAG107_contig_30_3754	K03530
MAG107_contig_30_3755	K03770
MAG107_contig_30_3756	K21747
MAG107_contig_30_3757	K00496
MAG107_contig_30_3761	K07237
MAG107_contig_30_3763	K07235
MAG107_contig_30_3765	K01679
MAG107_contig_30_3766	K07044
MAG107_contig_30_3773	K07078
MAG107_contig_30_3776	K00425
MAG107_contig_30_3777	K00426
MAG107_contig_30_3782	K03928
MAG107_contig_30_3783	K08966
MAG107_contig_30_3784	K07274
MAG107_contig_30_3786	K09919
MAG107_contig_30_3788	K07154
MAG107_contig_30_3791	K00249
MAG107_contig_30_3800	K07552
MAG107_contig_30_3809	K06132
MAG107_contig_30_3810	K00121
MAG107_contig_30_3817	K00832
MAG107_contig_30_3818	K01175
MAG107_contig_30_3819	K05782
MAG107_contig_30_3824	K05820
MAG107_contig_30_3826	K06518
MAG107_contig_30_3838	K01519
MAG107_contig_30_3847	K00344
MAG107_contig_30_3848	K07493
MAG107_contig_30_3849	K03566
MAG107_contig_30_3851	K06889
MAG107_contig_30_3855	K10954
MAG107_contig_30_3874	K09161
MAG107_contig_30_3878	K13985
MAG107_contig_30_3881	K15866
MAG107_contig_30_3883	K07275
MAG107_contig_30_3884	K03556
MAG107_contig_30_3890	K03556
MAG107_contig_30_3891	K05800
MAG107_contig_30_3893	K05548
MAG107_contig_30_3894	K00480
MAG107_contig_30_3895	K04095
MAG107_contig_30_3897	K02014
MAG107_contig_30_3898	K12340
MAG107_contig_30_3899	K13409
MAG107_contig_30_3900	K13408
MAG107_contig_30_3903	K15973
MAG107_contig_30_3904	K16137
MAG107_contig_30_3908	K05605
MAG107_contig_30_3909	K01692
MAG107_contig_30_3910	K00248
MAG107_contig_30_3912	K00020
MAG107_contig_30_3913	K00140
MAG107_contig_30_3915	K09136
MAG107_contig_30_3916	K05791
MAG107_contig_30_3919	K05795
MAG107_contig_30_3920	K09799
MAG107_contig_30_3921	K05795
MAG107_contig_30_3922	K05792
MAG107_contig_30_3935	K12256
MAG107_contig_30_3937	K07222
MAG107_contig_30_3941	K01438
MAG107_contig_30_3942	K09472
MAG107_contig_30_3945	K16839
MAG107_contig_30_3946	K01477
MAG107_contig_30_3947	K01483
MAG107_contig_30_3949	K07127
MAG107_contig_30_3950	K16840
MAG107_contig_30_3951	K16842
MAG107_contig_30_3956	K01185
MAG107_contig_30_3957	K01428
MAG107_contig_30_3958	K01429
MAG107_contig_30_3959	K01430
MAG107_contig_30_3960	K03190
MAG107_contig_30_3961	K03192
MAG107_contig_30_3962	K03189
MAG107_contig_30_3963	K03188
MAG107_contig_30_3964	K03187
MAG107_contig_30_3970	K01736
MAG107_contig_30_3971	K07320
MAG107_contig_30_3977	K03828
MAG107_contig_30_3980	K02437
MAG107_contig_30_3981	K01626
MAG107_contig_30_3984	K07112
MAG107_contig_30_3985	K07112
MAG107_contig_30_3988	K22042
MAG107_contig_30_3989	K03321
MAG107_contig_30_3990	K07862
MAG107_contig_30_3992	K09912
MAG107_contig_30_3993	K02014
MAG107_contig_30_3994	K02233
MAG107_contig_30_3995	K02226
MAG107_contig_30_3996	K00768
MAG107_contig_30_3997	K02231
MAG107_contig_30_4002	K02014
MAG107_contig_30_4003	K08218
MAG107_contig_30_4007	K03897
MAG107_contig_30_4009	K19353
MAG107_contig_30_4010	K23541
MAG107_contig_30_4012	K06188
MAG107_contig_30_4014	K19274
MAG107_contig_30_4017	K03976
MAG107_contig_30_4023	K03704
MAG107_contig_30_4030	K03298
MAG107_contig_30_4032	K19784
MAG107_contig_30_4034	K01185
MAG107_contig_30_4038	K21449
MAG107_contig_30_4044	K03832
MAG107_contig_30_4064	K06909
MAG107_contig_30_4087	K22302
MAG107_contig_30_4095	K03976
MAG107_contig_30_4101	K00981
MAG107_contig_30_4104	K01738
MAG107_contig_30_4105	K00631
MAG107_contig_30_4106	K15256
MAG107_contig_30_4108	K06076
MAG107_contig_30_4114	K16135
MAG107_contig_30_4115	K09913
MAG107_contig_30_4116	K01886
MAG107_contig_30_4118	K03269
MAG107_contig_30_4120	K10679
MAG107_contig_30_4122	K00285
MAG107_contig_30_4124	K00285
MAG107_contig_30_4125	K05837
MAG107_contig_30_4126	K00991
MAG107_contig_30_4127	K05589
MAG107_contig_30_4128	K01689
MAG107_contig_30_4129	K01627
MAG107_contig_30_4130	K01937
MAG107_contig_30_4132	K01744
MAG107_contig_30_4133	K21645
MAG107_contig_30_4136	K00219
MAG107_contig_30_4140	K05548
MAG107_contig_30_4141	K21757
MAG107_contig_30_4142	K03381
MAG107_contig_30_4143	K05549
MAG107_contig_30_4144	K05550
MAG107_contig_30_4145	K05784
MAG107_contig_30_4146	K05783
MAG107_contig_30_4147	K05782
MAG107_contig_30_4151	K11904
MAG107_contig_30_4152	K03761
MAG107_contig_30_4155	K12410
MAG107_contig_30_4158	K01744
MAG107_contig_30_4159	K11928
MAG107_contig_30_4160	K03719
MAG107_contig_30_4161	K13821
MAG107_contig_30_4163	K03297
MAG107_contig_30_4171	K15977
MAG107_contig_30_4174	K03601
MAG107_contig_30_4175	K03602
MAG107_contig_30_4176	K01256
MAG107_contig_30_4180	K04084
MAG107_contig_30_4181	K02199
MAG107_contig_30_4182	K03805
MAG107_contig_30_4186	K03503
MAG107_contig_30_4187	K09927
MAG107_contig_30_4189	K03502
MAG107_contig_30_4190	K03786
MAG107_contig_30_4191	K02160
MAG107_contig_30_4192	K01961
MAG107_contig_30_4195	K01426
MAG107_contig_30_4197	K09939
MAG107_contig_30_4198	K03734
MAG107_contig_30_4200	K07090
MAG107_contig_30_4201	K01626
MAG107_contig_30_4205	K01082
MAG107_contig_30_4207	K09760
MAG107_contig_30_4208	K20881
MAG107_contig_30_4209	K04762
MAG107_contig_30_4210	K03553
MAG107_contig_30_4213	K03565
MAG107_contig_30_4215	K00677
MAG107_contig_30_4216	K02372
MAG107_contig_30_4217	K02536
MAG107_contig_30_4218	K06142
MAG107_contig_30_4219	K07277
MAG107_contig_30_4220	K11749
MAG107_contig_30_4221	K00099
MAG107_contig_30_4222	K00981
MAG107_contig_30_4223	K00806
MAG107_contig_30_4224	K02838
MAG107_contig_30_4225	K09903
MAG107_contig_30_4226	K14441
MAG107_contig_30_4227	K07708
MAG107_contig_30_4228	K07712
MAG107_contig_30_4233	K00748
MAG107_contig_30_4234	K16088
MAG107_contig_30_4240	K18893
MAG107_contig_30_4241	K01058
MAG107_contig_30_4242	K06972
MAG107_contig_30_4245	K00856
MAG107_contig_30_4248	K00355
MAG107_contig_30_4250	K00425
MAG107_contig_30_4251	K00426
MAG107_contig_30_4252	K00424
MAG107_contig_30_4256	K07497
MAG107_contig_30_4258	K09909
MAG107_contig_30_4263	K00878
MAG107_contig_30_4265	K01826
MAG107_contig_30_4267	K03321
MAG107_contig_30_4269	K15255
MAG107_contig_30_4273	K00616
MAG107_contig_30_4274	K11250
MAG107_contig_30_4275	K05782
MAG107_contig_30_4276	K01265
MAG107_contig_30_4277	K03311
MAG107_contig_30_4288	K01638
MAG107_contig_30_4289	K07078
MAG107_contig_30_4291	K03110
MAG107_contig_30_4292	K07263
MAG107_contig_30_4299	K01696
MAG107_contig_30_4300	K09989
MAG107_contig_30_4303	K09902
MAG107_contig_30_4304	K03684
MAG107_contig_30_4305	K06187
MAG107_contig_30_4306	K09747
MAG107_contig_30_4307	K10764
MAG107_contig_30_4308	K03821
MAG107_contig_30_4311	K02503
MAG107_contig_30_4321	K00075
MAG107_contig_30_4322	K25307
MAG107_contig_30_4324	K07275
MAG107_contig_30_4325	K07107
MAG107_contig_30_4326	K07507
MAG107_contig_30_4327	K01531
MAG107_contig_30_4330	K02343
MAG107_contig_30_4332	K08167
MAG107_contig_30_4338	K07275
MAG107_contig_30_4339	K13954
MAG107_contig_30_4343	K00138
MAG107_contig_30_4347	K13936
MAG107_contig_30_4348	K13299
MAG107_contig_30_4350	K16137
MAG107_contig_30_4351	K01951
MAG107_contig_30_4352	K09712
MAG107_contig_30_4356	K03098
MAG107_contig_30_4364	K07126
MAG107_contig_30_4366	K07486
MAG107_contig_30_4367	K07497
MAG107_contig_30_4370	K07397
MAG107_contig_30_4372	K00615
MAG107_contig_30_4373	K00789
MAG107_contig_30_4376	K05835
MAG107_contig_30_4378	K07113
MAG107_contig_30_4379	K01159
MAG107_contig_30_4382	K01512
MAG107_contig_30_4383	K23997
MAG107_contig_30_4384	K18979
MAG107_contig_30_4385	K01012
MAG107_contig_30_4387	K00764
MAG107_contig_30_4388	K03558
MAG107_contig_30_4389	K00254
MAG107_contig_30_4391	K02461
MAG107_contig_30_4392	K08296
MAG107_contig_30_4393	K00057
MAG107_contig_30_4396	K03732
MAG107_contig_30_4397	K03704
MAG107_contig_30_4398	K04085
MAG107_contig_30_4399	K03089
MAG107_contig_30_4401	K03154
MAG107_contig_30_4402	K03149
MAG107_contig_30_4407	K03923
MAG107_contig_30_4409	K03321
MAG107_contig_30_4412	K07004
MAG107_contig_30_4414	K00248
MAG107_contig_30_4415	K08683
MAG107_contig_30_4418	K15553
MAG107_contig_30_4419	K15554
MAG107_contig_30_4420	K08994
MAG107_contig_30_4421	K02493
MAG107_contig_30_4422	K02835
MAG107_contig_30_4430	K09773
MAG107_contig_30_4431	K01007
MAG107_contig_30_4433	K02297
MAG107_contig_30_4434	K02298
MAG107_contig_30_4435	K02299
MAG107_contig_30_4436	K02300
MAG107_contig_30_4437	K02257
MAG107_contig_30_4442	K02990
MAG107_contig_30_4443	K02963
MAG107_contig_30_4444	K02939
MAG107_contig_30_4445	K02314
MAG107_contig_30_4447	K01775
MAG107_contig_30_4449	K07395
MAG107_contig_30_4456	K03495
MAG107_contig_30_4459	K03453
MAG107_contig_30_4460	K02687
MAG107_contig_30_4462	K03557
MAG107_contig_30_4463	K00602
MAG107_contig_30_4464	K01945
MAG107_contig_30_4465	K07002
MAG107_contig_30_4466	K02073
MAG107_contig_30_4467	K02071
MAG107_contig_30_4468	K02072
MAG107_contig_30_4470	K01069
MAG107_contig_30_4474	K14674
MAG107_contig_30_4475	K06923
MAG107_contig_30_4476	K02337
MAG107_contig_30_4477	K15396
MAG107_contig_30_4478	K00640
MAG107_contig_30_4488	K09861
MAG107_contig_30_4489	K07018
MAG107_contig_30_4490	K14414
MAG107_contig_30_4491	K00784
MAG107_contig_30_4492	K11089
MAG107_contig_30_4495	K14415
MAG107_contig_30_4499	K01974
MAG107_contig_30_4503	K24018
MAG107_contig_30_4504	K14170
MAG107_contig_30_4508	K04774
MAG107_contig_30_4509	K11103
MAG107_contig_30_4510	K02036
MAG107_contig_30_4511	K02038
MAG107_contig_30_4512	K02037
MAG107_contig_30_4513	K02040
MAG107_contig_30_4523	K06861
MAG107_contig_30_4524	K09774
MAG107_contig_30_4525	K11719
MAG107_contig_30_4526	K03270
MAG107_contig_30_4527	K06041
MAG107_contig_30_4528	K01883
MAG107_contig_30_4531	K13775
MAG107_contig_30_4534	K20938
MAG107_contig_30_4536	K09768
MAG107_contig_30_4539	K00831
MAG107_contig_30_4544	K01993
MAG107_contig_30_4547	K11102
MAG107_contig_30_4549	K20534
MAG107_contig_30_4557	K01952
MAG107_contig_30_4559	K01129
MAG107_contig_30_4561	K03550
MAG107_contig_30_4562	K03551
MAG107_contig_30_4563	K16089
MAG107_contig_30_4564	K02106
MAG107_contig_30_4566	K07126
MAG107_contig_30_4573	K07107
MAG107_contig_30_4574	K03562
MAG107_contig_30_4575	K03559
MAG107_contig_30_4576	K03646
MAG107_contig_30_4579	K03641
MAG107_contig_30_4580	K03640
MAG107_contig_30_4583	K03841
MAG107_contig_30_4584	K03437
MAG107_contig_30_4588	K01915
MAG107_contig_30_4589	K06945
MAG107_contig_30_4599	K03503
MAG107_contig_30_4600	K03502
MAG107_contig_30_4611	K21449
